{"count":1,"self":3733.1349504,"total":9186.9442967,"children":{"InitializeActuators":{"count":1,"self":0.0030001,"total":0.0030001,"children":null},"InitializeSensors":{"count":1,"self":0.0030017999999999998,"total":0.0030017999999999998,"children":null},"AgentSendState":{"count":5020934,"self":130.631744,"total":181.6637073,"children":{"CollectObservations":{"count":1004187,"self":1.1893076,"total":1.1893076,"children":null},"WriteActionMask":{"count":1004187,"self":1.1881518,"total":1.1881518,"children":null},"RequestDecision":{"count":1004187,"self":6.0678376,"total":48.654498,"children":{"AgentInfo.ToProto":{"count":1004187,"self":9.2959024,"total":42.5866602,"children":{"GenerateSensorData":{"count":1004187,"self":26.4977968,"total":33.2907578,"children":{"RayPerceptionSensor.Perceive":{"count":2008374,"self":6.7929607999999995,"total":6.7929607,"children":null}}}}}}}}},"DecideAction":{"count":5020934,"self":5252.9143808,"total":5252.9145311,"children":null},"AgentAct":{"count":5020934,"self":19.2008816,"total":19.223976399999998,"children":{"AgentInfo.ToProto":{"count":683,"self":0.0070325,"total":0.0230951,"children":{"GenerateSensorData":{"count":683,"self":0.013066699999999999,"total":0.0160626,"children":{"RayPerceptionSensor.Perceive":{"count":1366,"self":0.0029958999999999997,"total":0.0029958999999999997,"children":null}}}}}}}},"gauges":{"Shooter.CumulativeReward":{"count":683,"max":1,"min":-1.37599969,"runningAverage":0.961830139,"value":1,"weightedAverage":0.9898951}},"metadata":{"timer_format_version":"0.1.0","start_time_seconds":"1673797211","unity_version":"2021.3.14f1","command_line_arguments":"C:\\Program Files\\Unity 2021.3.14f1\\Editor\\Unity.exe -projectpath C:\\Users\\clari\\UnityProjects\\Shooter3D -useHub -hubIPC -cloudEnvironment production -licensingIpc LicenseClient-clari -hubSessionId 9410c120-94b9-11ed-bf68-396ff05d06a7 -accessToken tlbH_j-SvasY5V86ZHntv1H9T2NtWfPAVz73HSsyzrI008f","communication_protocol_version":"1.5.0","com.unity.ml-agents_version":"2.0.1","scene_name":"MainScene","end_time_seconds":"1673806397"}}