{
    "name": "root",
    "gauges": {
        "Shooter.Policy.Entropy.mean": {
            "value": 1.5063844919204712,
            "min": 1.418938398361206,
            "max": 1.5063844919204712,
            "count": 51
        },
        "Shooter.Policy.Entropy.sum": {
            "value": 30127.689453125,
            "min": 27673.51953125,
            "max": 30127.689453125,
            "count": 51
        },
        "Shooter.Step.mean": {
            "value": 1019319.0,
            "min": 19900.0,
            "max": 1019319.0,
            "count": 51
        },
        "Shooter.Step.sum": {
            "value": 1019319.0,
            "min": 19900.0,
            "max": 1019319.0,
            "count": 51
        },
        "Shooter.Policy.ExtrinsicValueEstimate.mean": {
            "value": 0.0012672056909650564,
            "min": -0.0008747384999878705,
            "max": 0.057163916528224945,
            "count": 51
        },
        "Shooter.Policy.ExtrinsicValueEstimate.sum": {
            "value": 0.025344114750623703,
            "min": -0.017494769766926765,
            "max": 1.1432783603668213,
            "count": 51
        },
        "Shooter.Policy.CuriosityValueEstimate.mean": {
            "value": 0.026343975216150284,
            "min": 0.013259311206638813,
            "max": 0.045982323586940765,
            "count": 51
        },
        "Shooter.Policy.CuriosityValueEstimate.sum": {
            "value": 0.5268794894218445,
            "min": 0.26518622040748596,
            "max": 0.9196465015411377,
            "count": 51
        },
        "Shooter.Environment.EpisodeLength.mean": {
            "value": 588524.0,
            "min": 1899.0,
            "max": 588524.0,
            "count": 7
        },
        "Shooter.Environment.EpisodeLength.sum": {
            "value": 588524.0,
            "min": 1899.0,
            "max": 588524.0,
            "count": 7
        },
        "Shooter.Environment.CumulativeReward.mean": {
            "value": -0.4189999923110008,
            "min": -3.1909999772906303,
            "max": 0.9670000001788139,
            "count": 7
        },
        "Shooter.Environment.CumulativeReward.sum": {
            "value": -0.4189999923110008,
            "min": -3.1909999772906303,
            "max": 1.4390000030398369,
            "count": 7
        },
        "Shooter.Policy.ExtrinsicReward.mean": {
            "value": -0.4189999923110008,
            "min": -3.1909999772906303,
            "max": 0.9670000001788139,
            "count": 7
        },
        "Shooter.Policy.ExtrinsicReward.sum": {
            "value": -0.4189999923110008,
            "min": -3.1909999772906303,
            "max": 1.4390000030398369,
            "count": 7
        },
        "Shooter.Policy.CuriosityReward.mean": {
            "value": 106.75766936317086,
            "min": 0.0,
            "max": 106.75766936317086,
            "count": 7
        },
        "Shooter.Policy.CuriosityReward.sum": {
            "value": 106.75766936317086,
            "min": 0.0,
            "max": 106.75766936317086,
            "count": 7
        },
        "Shooter.IsTraining.mean": {
            "value": 1.0,
            "min": 1.0,
            "max": 1.0,
            "count": 51
        },
        "Shooter.IsTraining.sum": {
            "value": 1.0,
            "min": 1.0,
            "max": 1.0,
            "count": 51
        },
        "Shooter.Losses.PolicyLoss.mean": {
            "value": 0.017384025896899403,
            "min": 0.011915958502019446,
            "max": 0.021000642290649314,
            "count": 48
        },
        "Shooter.Losses.PolicyLoss.sum": {
            "value": 0.017384025896899403,
            "min": 0.011915958502019446,
            "max": 0.021000642290649314,
            "count": 48
        },
        "Shooter.Losses.ValueLoss.mean": {
            "value": 3.645163769760984e-06,
            "min": 1.7254405103509876e-06,
            "max": 0.0004493889859683501,
            "count": 48
        },
        "Shooter.Losses.ValueLoss.sum": {
            "value": 3.645163769760984e-06,
            "min": 1.7254405103509876e-06,
            "max": 0.0004493889859683501,
            "count": 48
        },
        "Shooter.Policy.LearningRate.mean": {
            "value": 0.00019999999999999996,
            "min": 0.00019999999999999996,
            "max": 0.00019999999999999996,
            "count": 48
        },
        "Shooter.Policy.LearningRate.sum": {
            "value": 0.00019999999999999996,
            "min": 0.00019999999999999996,
            "max": 0.00019999999999999996,
            "count": 48
        },
        "Shooter.Policy.Epsilon.mean": {
            "value": 0.15000000000000002,
            "min": 0.15000000000000002,
            "max": 0.15000000000000002,
            "count": 48
        },
        "Shooter.Policy.Epsilon.sum": {
            "value": 0.15000000000000002,
            "min": 0.15000000000000002,
            "max": 0.15000000000000002,
            "count": 48
        },
        "Shooter.Policy.Beta.mean": {
            "value": 0.003000000000000001,
            "min": 0.003000000000000001,
            "max": 0.003000000000000001,
            "count": 48
        },
        "Shooter.Policy.Beta.sum": {
            "value": 0.003000000000000001,
            "min": 0.003000000000000001,
            "max": 0.003000000000000001,
            "count": 48
        },
        "Shooter.Losses.CuriosityForwardLoss.mean": {
            "value": 0.02579993028193712,
            "min": 0.007783670816570521,
            "max": 0.527544841170311,
            "count": 48
        },
        "Shooter.Losses.CuriosityForwardLoss.sum": {
            "value": 0.02579993028193712,
            "min": 0.007783670816570521,
            "max": 0.527544841170311,
            "count": 48
        },
        "Shooter.Losses.CuriosityInverseLoss.mean": {
            "value": 4.604374170303345,
            "min": 3.970875342686971,
            "max": 4.604374170303345,
            "count": 48
        },
        "Shooter.Losses.CuriosityInverseLoss.sum": {
            "value": 4.604374170303345,
            "min": 3.970875342686971,
            "max": 4.604374170303345,
            "count": 48
        }
    },
    "metadata": {
        "timer_format_version": "0.1.0",
        "start_time_seconds": "1673605640",
        "python_version": "3.9.13 (tags/v3.9.13:6de2ca5, May 17 2022, 16:36:42) [MSC v.1929 64 bit (AMD64)]",
        "command_line_arguments": "C:\\Users\\clari\\UnityProjects\\Shooter3D\\venv\\Scripts\\mlagents-learn config/ppo/shooter.yaml --run-id shooter2",
        "mlagents_version": "0.30.0",
        "mlagents_envs_version": "0.30.0",
        "communication_protocol_version": "1.5.0",
        "pytorch_version": "1.13.1+cu117",
        "numpy_version": "1.21.2",
        "end_time_seconds": "1673618215"
    },
    "total": 12575.365136499999,
    "count": 1,
    "self": 0.016767499999332358,
    "children": {
        "run_training.setup": {
            "total": 0.1932690000000008,
            "count": 1,
            "self": 0.1932690000000008
        },
        "TrainerController.start_learning": {
            "total": 12575.1551,
            "count": 1,
            "self": 34.481231900330386,
            "children": {
                "TrainerController._reset_env": {
                    "total": 19.0293609,
                    "count": 1,
                    "self": 19.0293609
                },
                "TrainerController.advance": {
                    "total": 12521.500938699668,
                    "count": 1029072,
                    "self": 29.980247499195684,
                    "children": {
                        "env_step": {
                            "total": 10572.02549329996,
                            "count": 1029072,
                            "self": 9156.898169700964,