{
    "name": "root",
    "gauges": {
        "Shooter.Policy.Entropy.mean": {
            "value": 1.4256209135055542,
            "min": 1.4189382791519165,
            "max": 1.4256209135055542,
            "count": 17
        },
        "Shooter.Policy.Entropy.sum": {
            "value": 28512.41796875,
            "min": 28378.765625,
            "max": 29019.81640625,
            "count": 17
        },
        "Shooter.Step.mean": {
            "value": 339596.0,
            "min": 19000.0,
            "max": 339596.0,
            "count": 17
        },
        "Shooter.Step.sum": {
            "value": 339596.0,
            "min": 19000.0,
            "max": 339596.0,
            "count": 17
        },
        "Shooter.Policy.ExtrinsicValueEstimate.mean": {
            "value": -0.0006253028986975551,
            "min": -0.07789614051580429,
            "max": -0.00042073166696354747,
            "count": 17
        },
        "Shooter.Policy.ExtrinsicValueEstimate.sum": {
            "value": -0.012506057508289814,
            "min": -1.4800267219543457,
            "max": -0.008414633572101593,
            "count": 17
        },
        "Shooter.IsTraining.mean": {
            "value": 1.0,
            "min": 1.0,
            "max": 1.0,
            "count": 17
        },
        "Shooter.IsTraining.sum": {
            "value": 1.0,
            "min": 1.0,
            "max": 1.0,
            "count": 17
        },
        "Shooter.Losses.PolicyLoss.mean": {
            "value": 0.01841542591767696,
            "min": 0.012511326706347366,
            "max": 0.021245200745761396,
            "count": 16
        },
        "Shooter.Losses.PolicyLoss.sum": {
            "value": 0.01841542591767696,
            "min": 0.012511326706347366,
            "max": 0.021245200745761396,
            "count": 16
        },
        "Shooter.Losses.ValueLoss.mean": {
            "value": 1.5853215965459336e-06,
            "min": 1.5853215965459336e-06,
            "max": 0.00034862656272404514,
            "count": 16
        },
        "Shooter.Losses.ValueLoss.sum": {
            "value": 1.5853215965459336e-06,
            "min": 1.5853215965459336e-06,
            "max": 0.00034862656272404514,
            "count": 16
        },
        "Shooter.Policy.LearningRate.mean": {
            "value": 0.00019999999999999996,
            "min": 0.00019999999999999996,
            "max": 0.00019999999999999996,
            "count": 16
        },
        "Shooter.Policy.LearningRate.sum": {
            "value": 0.00019999999999999996,
            "min": 0.00019999999999999996,
            "max": 0.00019999999999999996,
            "count": 16
        },
        "Shooter.Policy.Epsilon.mean": {
            "value": 0.15000000000000002,
            "min": 0.15000000000000002,
            "max": 0.15000000000000002,
            "count": 16
        },
        "Shooter.Policy.Epsilon.sum": {
            "value": 0.15000000000000002,
            "min": 0.15000000000000002,
            "max": 0.15000000000000002,
            "count": 16
        },
        "Shooter.Policy.Beta.mean": {
            "value": 0.003000000000000001,
            "min": 0.003000000000000001,
            "max": 0.003000000000000001,
            "count": 16
        },
        "Shooter.Policy.Beta.sum": {
            "value": 0.003000000000000001,
            "min": 0.003000000000000001,
            "max": 0.003000000000000001,
            "count": 16
        },
        "Shooter.Environment.EpisodeLength.mean": {
            "value": 165403.0,
            "min": 100191.0,
            "max": 165403.0,
            "count": 2
        },
        "Shooter.Environment.EpisodeLength.sum": {
            "value": 165403.0,
            "min": 100191.0,
            "max": 165403.0,
            "count": 2
        },
        "Shooter.Environment.CumulativeReward.mean": {
            "value": 1.0,
            "min": 1.0,
            "max": 1.0,
            "count": 2
        },
        "Shooter.Environment.CumulativeReward.sum": {
            "value": 1.0,
            "min": 1.0,
            "max": 1.0,
            "count": 2
        },
        "Shooter.Policy.ExtrinsicReward.mean": {
            "value": 1.0,
            "min": 1.0,
            "max": 1.0,
            "count": 2
        },
        "Shooter.Policy.ExtrinsicReward.sum": {
            "value": 1.0,
            "min": 1.0,
            "max": 1.0,
            "count": 2
        }
    },
    "metadata": {
        "timer_format_version": "0.1.0",
        "start_time_seconds": "1673233155",
        "python_version": "3.9.13 (tags/v3.9.13:6de2ca5, May 17 2022, 16:36:42) [MSC v.1929 64 bit (AMD64)]",
        "command_line_arguments": "C:\\Users\\clari\\UnityProjects\\Shooter3D\\venv\\Scripts\\mlagents-learn config/ppo/Shooter.yaml --run-id shooter2",
        "mlagents_version": "0.30.0",
        "mlagents_envs_version": "0.30.0",
        "communication_protocol_version": "1.5.0",
        "pytorch_version": "1.13.1+cu117",
        "numpy_version": "1.21.2",
        "end_time_seconds": "1673236661"
    },
    "total": 3505.6055845,
    "count": 1,
    "self": 0.010005399999954534,
    "children": {
        "run_training.setup": {
            "total": 0.17113010000000006,
            "count": 1,
            "self": 0.17113010000000006
        },
        "TrainerController.start_learning": {
            "total": 3505.424449,
            "count": 1,
            "self": 10.59614860001102,
            "children": {
                "TrainerController._reset_env": {
                    "total": 13.325101399999998,
                    "count": 1,
                    "self": 13.325101399999998
                },
                "TrainerController.advance": {
                    "total": 3481.278196199989,
                    "count": 346019,
                    "self": 9.450048700042316,
                    "children": {
                        "env_step": {
                            "total": 3308.940279799976,
                            "count": 346019,
                            "self": 2901.7046559998553,
                            "children": {
                                "SubprocessEnvManager._take_step": {
                                    "total": 400.4708380001166,
                                    "count": 346019,
                                    "self": 35.686237500170876,
                                    "children": {
                                        "TorchPolicy.evaluate": {
                                            "total": 364.7846004999457,
                                            "count": 346017,
                                            "self": 364.7846004999457
                                        }
                                    }
                                },
                                "workers": {
                                    "total": 6.764785800003892,
                                    "count": 346018,
                                    "self": 0.0,
                                    "children": {
                                        "worker_root": {
                                            "total": 3479.2064758000024,
                                            "count": 346018,
                                            "is_parallel": true,
                                            "self": 1089.9745248998242,
                                            "children": {
                                                "steps_from_proto": {
                                                    "total": 0.0007348000000000354,
                                                    "count": 1,
                                                    "is_parallel": true,
                                                    "self": 0.0002222999999990094,